{
  "env": {
    "python": "3.13.13",
    "platform": "Linux-6.8.0-117-generic-x86_64-with-glibc2.35",
    "jax": "0.9.0",
    "jax_devices": [
      "cuda:0",
      "cuda:1"
    ],
    "flax": "0.12.3",
    "optax": "0.2.6"
  },
  "config": {
    "dataset": "LinearSystem",
    "n_max": 3,
    "dataset_size": 64,
    "batch_size": 4,
    "val_dataset_size": 32,
    "combos": [
      "LocalSum+GlobalAgg",
      "GATv2+GlobalAgg"
    ],
    "sizes": [
      "Tiny",
      "Small"
    ],
    "seeds": [
      0,
      1,
      2
    ],
    "smoke_mode": false
  },
  "runs": [
    {
      "combo": "LocalSum+GlobalAgg",
      "size": "Tiny",
      "seed": 0,
      "n_epochs": 10,
      "n_params": 221,
      "eval_before": 3.0998473870567977,
      "eval_after": 1.0321702032524627,
      "eval_improvement": 2.067677183804335,
      "epoch_eval_curve": [
        3.0998473870567977,
        2.605019969283603,
        2.344814400654286,
        2.1176157196750864,
        1.9116682854946703,
        1.7227008894551545,
        1.5499511569505557,
        1.3944624247960746,
        1.256510109466035,
        1.1361333952227142,
        1.0321702032524627
      ],
      "median_step_time_ms": 5662.652466999134,
      "total_train_time_s": 81.23895884305239,
      "peak_memory_mb": 2409.1640625
    },
    {
      "combo": "LocalSum+GlobalAgg",
      "size": "Tiny",
      "seed": 1,
      "n_epochs": 10,
      "n_params": 221,
      "eval_before": 1.075166078750044,
      "eval_after": 0.3910905432567233,
      "eval_improvement": 0.6840755354933208,
      "epoch_eval_curve": [
        1.075166078750044,
        0.942717359168455,
        0.8470933837525081,
        0.7591409599117469,
        0.6768778162659146,
        0.600606196501758,
        0.5329178168540238,
        0.4769270536780823,
        0.43503850855631754,
        0.4073285135636979,
        0.3910905432567233
      ],
      "median_step_time_ms": 5622.279679984786,
      "total_train_time_s": 78.99395157000981,
      "peak_memory_mb": 2442.2890625
    },
    {
      "combo": "LocalSum+GlobalAgg",
      "size": "Tiny",
      "seed": 2,
      "n_epochs": 10,
      "n_params": 221,
      "eval_before": 1.081067515653558,
      "eval_after": 0.5213327012606896,
      "eval_improvement": 0.5597348143928684,
      "epoch_eval_curve": [
        1.081067515653558,
        0.9793403833173215,
        0.9033148261369206,
        0.8347588566830382,
        0.7730909225065261,
        0.7175384228175972,
        0.6675269343686523,
        0.6228291458173771,
        0.5835074229544261,
        0.5496672746958211,
        0.5213327012606896
      ],
      "median_step_time_ms": 5723.9384230051655,
      "total_train_time_s": 78.4995602449635,
      "peak_memory_mb": 2450.1015625
    },
    {
      "combo": "LocalSum+GlobalAgg",
      "size": "Small",
      "seed": 0,
      "n_epochs": 15,
      "n_params": 2521,
      "eval_before": 0.9053477608831599,
      "eval_after": 0.45676389934669714,
      "eval_improvement": 0.4485838615364628,
      "epoch_eval_curve": [
        0.9053477608831599,
        0.7363422315393109,
        0.6151916364979115,
        0.5314873465104029,
        0.4923727522836998,
        0.48214105871738866,
        0.47833243798231706,
        0.47395788616267964,
        0.46977882873034105,
        0.46697899530408904,
        0.46414365974487737,
        0.46195796396932565,
        0.4598257208126597,
        0.45796991635870654,
        0.45767062839877326,
        0.45676389934669714
      ],
      "median_step_time_ms": 8261.85611000983,
      "total_train_time_s": 161.41996283800108,
      "peak_memory_mb": 2611.0390625
    },
    {
      "combo": "LocalSum+GlobalAgg",
      "size": "Small",
      "seed": 1,
      "n_epochs": 15,
      "n_params": 2521,
      "eval_before": 0.747149530070601,
      "eval_after": 0.36858971173569444,
      "eval_improvement": 0.3785598183349066,
      "epoch_eval_curve": [
        0.747149530070601,
        0.527189927361178,
        0.3943007748493983,
        0.3574767070649614,
        0.35811692263450823,
        0.35873537553925416,
        0.3576157927818713,
        0.35752037500060396,
        0.3583450268233719,
        0.35853671970471623,
        0.35948066097807896,
        0.3602228382442263,
        0.36200052156709717,
        0.3639617367207393,
        0.3664122556820075,
        0.36858971173569444
      ],
      "median_step_time_ms": 8355.486957007088,
      "total_train_time_s": 159.8978075060295,
      "peak_memory_mb": 2627.9140625
    },
    {
      "combo": "LocalSum+GlobalAgg",
      "size": "Small",
      "seed": 2,
      "n_epochs": 15,
      "n_params": 2521,
      "eval_before": 0.744513149431441,
      "eval_after": 0.40072635333490325,
      "eval_improvement": 0.34378679609653773,
      "epoch_eval_curve": [
        0.744513149431441,
        0.6015946882544085,
        0.49384527700021863,
        0.43292461182863917,
        0.42602109478320926,
        0.4193891216418706,
        0.41262912325328216,
        0.40624868524901103,
        0.4035064985509962,
        0.40019051407580264,
        0.39724933871184476,
        0.3972104054992087,
        0.397543043945916,
        0.3979557398270117,
        0.3991395531775197,
        0.40072635333490325
      ],
      "median_step_time_ms": 8473.783870984334,
      "total_train_time_s": 162.77156734099844,
      "peak_memory_mb": 2634.1640625
    },
    {
      "combo": "GATv2+GlobalAgg",
      "size": "Tiny",
      "seed": 0,
      "n_epochs": 10,
      "n_params": 268,
      "eval_before": 0.9919910969329067,
      "eval_after": 0.45781302664545365,
      "eval_improvement": 0.534178070287453,
      "epoch_eval_curve": [
        0.9919910969329067,
        0.9068753978353925,
        0.8364458379801363,
        0.7687634960748255,
        0.7029605499701574,
        0.6397576084418688,
        0.5820011701143812,
        0.5331666148777003,
        0.49621637605014257,
        0.4718001720029861,
        0.45781302664545365
      ],
      "median_step_time_ms": 7310.32327900175,
      "total_train_time_s": 99.75481556699378,
      "peak_memory_mb": 2682.9140625
    },
    {
      "combo": "GATv2+GlobalAgg",
      "size": "Tiny",
      "seed": 1,
      "n_epochs": 10,
      "n_params": 268,
      "eval_before": 0.756091457704315,
      "eval_after": 0.4011879887402756,
      "eval_improvement": 0.35490346896403935,
      "epoch_eval_curve": [
        0.756091457704315,
        0.7183311250701081,
        0.6822736531030387,
        0.6481975096394308,
        0.6130329403968062,
        0.5769098374294117,
        0.5400896737119183,
        0.5031765628809808,
        0.4665836990898242,
        0.4321155045181513,
        0.4011879887402756
      ],
      "median_step_time_ms": 7322.945446474478,
      "total_train_time_s": 98.72570952703245,
      "peak_memory_mb": 2709.4765625
    },
    {
      "combo": "GATv2+GlobalAgg",
      "size": "Tiny",
      "seed": 2,
      "n_epochs": 10,
      "n_params": 268,
      "eval_before": 0.4589446885511279,
      "eval_after": 0.41488321908036596,
      "eval_improvement": 0.04406146947076195,
      "epoch_eval_curve": [
        0.4589446885511279,
        0.4487573198857717,
        0.43607759280712344,
        0.4272659127600491,
        0.421307779783092,
        0.41750766703262343,
        0.41552408865027246,
        0.4144280029577203,
        0.4141567416372709,
        0.4143331150007725,
        0.41488321908036596
      ],
      "median_step_time_ms": 7857.225845014909,
      "total_train_time_s": 104.53239147202112,
      "peak_memory_mb": 2714.7890625
    },
    {
      "combo": "GATv2+GlobalAgg",
      "size": "Small",
      "seed": 0,
      "n_epochs": 15,
      "n_params": 4028,
      "eval_before": 0.9080550057115033,
      "eval_after": 0.45098024827893823,
      "eval_improvement": 0.4570747574325651,