{
  "env": {
    "python": "3.13.13",
    "platform": "Linux-6.8.0-117-generic-x86_64-with-glibc2.35",
    "jax": "0.9.0",
    "jax_devices": [
      "cuda:0",
      "cuda:1"
    ],
    "flax": "0.12.3",
    "optax": "0.2.6"
  },
  "config": {
    "ieee_sizes": [
      9,
      14
    ],
    "perturbation_scale": 0.1,
    "dataset_size": 32,
    "batch_size": 4,
    "val_dataset_size": 16,
    "seeds": [
      0,
      1,
      2
    ],
    "sizes": [
      {
        "name": "Tiny",
        "n_epochs": 10
      },
      {
        "name": "Small",
        "n_epochs": 15
      }
    ],
    "combos": [
      "LocalSum+GlobalAgg",
      "GATv2+GlobalAgg"
    ],
    "smoke_mode": false
  },
  "runs": [
    {
      "combo": "LocalSum+GlobalAgg",
      "network": "ieee9",
      "size": "Tiny",
      "seed": 0,
      "n_epochs": 10,
      "n_params": 1623,
      "eval_before": 0.60040432959795,
      "eval_after": 0.19577367324382067,
      "epoch_eval_curve": [
        0.60040432959795,
        0.5396840181201696,
        0.48458791337907314,
        0.4313291572034359,
        0.380406541749835,
        0.333806412294507,
        0.29404347762465477,
        0.26252285949885845,
        0.23743408173322678,
        0.2157943081110716,
        0.19577367324382067
      ],
      "median_step_time_ms": 13154.701840510825,
      "total_train_time_s": 200.18060995999258,
      "peak_memory_mb": 3319.57421875
    },
    {
      "combo": "LocalSum+GlobalAgg",
      "network": "ieee9",
      "size": "Tiny",
      "seed": 1,
      "n_epochs": 10,
      "n_params": 1623,
      "eval_before": 0.6813535504043102,
      "eval_after": 0.22618812415748835,
      "epoch_eval_curve": [
        0.6813535504043102,
        0.6164604239165783,
        0.5652412660419941,
        0.5183389335870743,
        0.47315449081361294,
        0.4286391846835613,
        0.3846263103187084,
        0.3415139000862837,
        0.30006623826920986,
        0.2612152360379696,
        0.22618812415748835
      ],
      "median_step_time_ms": 12745.456414966611,
      "total_train_time_s": 179.20042640902102,
      "peak_memory_mb": 3616.3515625
    },
    {
      "combo": "LocalSum+GlobalAgg",
      "network": "ieee9",
      "size": "Tiny",
      "seed": 2,
      "n_epochs": 10,
      "n_params": 1623,
      "eval_before": 0.6724826507270336,
      "eval_after": 0.1665582535788417,
      "epoch_eval_curve": [
        0.6724826507270336,
        0.6001225598156452,
        0.5401510968804359,
        0.48424600437283516,
        0.43005186691880226,
        0.3767011072486639,
        0.32494394294917583,
        0.2762832138687372,
        0.23293292243033648,
        0.19609888549894094,
        0.1665582535788417
      ],
      "median_step_time_ms": 12694.883135496639,
      "total_train_time_s": 178.98988270602422,
      "peak_memory_mb": 3678.453125
    },
    {
      "combo": "LocalSum+GlobalAgg",
      "network": "ieee9",
      "size": "Small",
      "seed": 0,
      "n_epochs": 15,
      "n_params": 16207,
      "eval_before": 0.5275172237306833,
      "eval_after": 0.011711892380844802,
      "epoch_eval_curve": [
        0.5275172237306833,
        0.44945777021348476,
        0.3769004289060831,
        0.28802718594670296,
        0.19875026680529118,
        0.13344096764922142,
        0.09106662636622787,
        0.06261870474554598,
        0.04440081468783319,
        0.033296601846814156,
        0.026122302166186273,
        0.021859692060388625,
        0.018829648848623037,
        0.016224107705056667,
        0.013849249051418155,
        0.011711892380844802
      ],
      "median_step_time_ms": 15441.98319799034,
      "total_train_time_s": 324.7021148229833,
      "peak_memory_mb": 4208.62109375
    },
    {
      "combo": "LocalSum+GlobalAgg",
      "network": "ieee9",
      "size": "Small",
      "seed": 1,
      "n_epochs": 15,
      "n_params": 16207,
      "eval_before": 0.5563257597386837,
      "eval_after": 0.0038315271958708763,
      "epoch_eval_curve": [
        0.5563257597386837,
        0.4783956501632929,
        0.4109057057648897,
        0.3354415111243725,
        0.2635760111734271,
        0.2059047520160675,
        0.15817180089652538,
        0.10864068754017353,
        0.06893109576776624,
        0.04161037877202034,
        0.024165424052625895,
        0.014716079633217305,
        0.00938977999612689,
        0.006205973506439477,
        0.004711173183750361,
        0.0038315271958708763
      ],
      "median_step_time_ms": 15943.177092005499,
      "total_train_time_s": 340.9782993319677,
      "peak_memory_mb": 4360.28515625
    },
    {
      "combo": "LocalSum+GlobalAgg",
      "network": "ieee9",
      "size": "Small",
      "seed": 2,
      "n_epochs": 15,
      "n_params": 16207,
      "eval_before": 0.6030206345021725,
      "eval_after": 0.030560507671907544,
      "epoch_eval_curve": [
        0.6030206345021725,
        0.47657211869955063,
        0.3985940255224705,
        0.3145615514367819,
        0.24289065320044756,
        0.18784391693770885,
        0.14302505366504192,
        0.10325995087623596,
        0.08014849666506052,
        0.06905197608284652,
        0.059993748320266604,
        0.05292751989327371,
        0.04659927682951093,
        0.04068961413577199,
        0.03530848689842969,
        0.030560507671907544
      ],
      "median_step_time_ms": 15873.201463953592,
      "total_train_time_s": 331.9923887560144,
      "peak_memory_mb": 4375.34765625
    },
    {
      "combo": "LocalSum+GlobalAgg",
      "network": "ieee14",
      "size": "Tiny",
      "seed": 0,
      "n_epochs": 10,
      "n_params": 1623,
      "eval_before": 0.3405320942401886,
      "eval_after": 0.1097817337140441,
      "epoch_eval_curve": [
        0.3405320942401886,
        0.29558940418064594,
        0.25782121904194355,
        0.22450521774590015,
        0.1967878993600607,
        0.17522484064102173,
        0.15811442583799362,
        0.14348434656858444,
        0.13073317287489772,
        0.11960955010727048,
        0.1097817337140441
      ],
      "median_step_time_ms": 15444.653353508329,
      "total_train_time_s": 229.49506736802869,
      "peak_memory_mb": 4651.38671875
    },
    {
      "combo": "LocalSum+GlobalAgg",
      "network": "ieee14",
      "size": "Tiny",
      "seed": 1,
      "n_epochs": 10,
      "n_params": 1623,
      "eval_before": 0.4377744644880295,
      "eval_after": 0.1410584570840001,
      "epoch_eval_curve": [
        0.4377744644880295,
        0.3770009074360132,
        0.32921468280255795,
        0.2912958674132824,
        0.25945618748664856,
        0.23193601612001657,
        0.2081160182133317,
        0.1874678200110793,
        0.16966197732836008,
        0.1543286619707942,
        0.1410584570840001
      ],
      "median_step_time_ms": 15814.3113074766,
      "total_train_time_s": 229.94598375703208,
      "peak_memory_mb": 4804.28515625
    },
    {
      "combo": "LocalSum+GlobalAgg",
      "network": "ieee14",
      "size": "Tiny",
      "seed": 2,
      "n_epochs": 10,
      "n_params": 1623,
      "eval_before": 0.4280987549573183,
      "eval_after": 0.12413083575665951,
      "epoch_eval_curve": [
        0.4280987549573183,
        0.37470228783786297,
        0.3325722701847553,
        0.2978296261280775,
        0.2676969841122627,
        0.23924629483371973,
        0.21120376233011484,
        0.1859526103362441,
        0.16325480118393898,
        0.1426788866519928,
        0.12413083575665951
      ],
      "median_step_time_ms": 15760.906862997217,
      "total_train_time_s": 230.19534658599878,
      "peak_memory_mb": 4830.47265625
    },
    {
      "combo": "LocalSum+GlobalAgg",
      "network": "ieee14",
      "size": "Small",
      "seed": 0,
      "n_epochs": 15,
      "n_params": 16207,
      "eval_before": 0.29597489163279533,
      "eval_after": 0.008970743976533413,