{
  "env": {
    "python": "3.13.13",
    "platform": "Linux-6.8.0-117-generic-x86_64-with-glibc2.35",
    "jax": "0.9.0",
    "jax_devices": [
      "cuda:0",
      "cuda:1"
    ],
    "flax": "0.12.3",
    "optax": "0.2.6"
  },
  "config": {
    "n_max": 3,
    "dataset_size": 64,
    "batch_size": 4,
    "val_dataset_size": 32,
    "seeds": [
      0,
      1,
      2
    ],
    "sizes": [
      {
        "name": "Tiny",
        "n_seeds": 3,
        "n_epochs": 10
      },
      {
        "name": "Small",
        "n_seeds": 3,
        "n_epochs": 15
      }
    ],
    "message_function": "PerformerMessagePassingFunction",
    "optimizer": "optax.adam(1e-3)",
    "status": "complete",
    "compared_against": "baseline_linearsystem.json (LocalSumMessagePassingFunction)"
  },
  "runs": [
    {
      "size": "Tiny",
      "seed": 0,
      "n_epochs": 10,
      "n_params": 301,
      "eval_before": 0.5016191706527025,
      "eval_after": 0.421301840164233,
      "eval_improvement": 0.08031733048846945,
      "epoch_eval_curve": [
        0.43524434315622784,
        0.42833225458161905,
        0.42595884288311936,
        0.4249903895833995,
        0.424098929943284,
        0.4234047422069125,
        0.4227676182053983,
        0.4222353911900427,
        0.42174052700283937,
        0.421301840164233
      ],
      "median_step_time_ms": 220.46920051798224,
      "p90_step_time_ms": 422.13802840560675,
      "total_train_time_s": 80.0938800930162,
      "peak_memory_mb": 2457.5859375,
      "warning": ""
    },
    {
      "size": "Tiny",
      "seed": 1,
      "n_epochs": 10,
      "n_params": 301,
      "eval_before": 0.7178623656218406,
      "eval_after": 0.37022281788813416,
      "eval_improvement": 0.3476395477337064,
      "epoch_eval_curve": [
        0.5869033179187682,
        0.5439634424401447,
        0.5065763329330366,
        0.47437478016945533,
        0.44686839217320085,
        0.42379806059761904,
        0.4049865975175635,
        0.39003081855844357,
        0.37865720117406454,
        0.37022281788813416
      ],
      "median_step_time_ms": 217.83797797979787,
      "p90_step_time_ms": 221.04122857563198,
      "total_train_time_s": 80.31115739099914,
      "peak_memory_mb": 2490.7109375,
      "warning": ""
    },
    {
      "size": "Tiny",
      "seed": 2,
      "n_epochs": 10,
      "n_params": 301,
      "eval_before": 1.56941809062846,
      "eval_after": 0.5843375605472829,
      "eval_improvement": 0.9850805300811771,
      "epoch_eval_curve": [
        1.2238030288135633,
        1.1196833401918411,
        1.0278767776908353,
        0.9450617170077749,
        0.8693854766897857,
        0.7999664211820345,
        0.7364860329689691,
        0.6790933094162028,
        0.6282244420144707,
        0.5843375605472829
      ],
      "median_step_time_ms": 220.32088649575599,
      "p90_step_time_ms": 223.4507297980599,
      "total_train_time_s": 82.21527856501052,
      "peak_memory_mb": 2497.2734375,
      "warning": ""
    },
    {
      "size": "Small",
      "seed": 0,
      "n_epochs": 15,
      "n_params": 3081,
      "eval_before": 0.8991087173344567,
      "eval_after": 0.43880833285220433,
      "eval_improvement": 0.4603003844822524,
      "epoch_eval_curve": [
        0.6081279951540637,
        0.5406265607161913,
        0.49760340072680265,
        0.47598719110828824,
        0.46577188372612,
        0.4591791812563315,
        0.45293980988208205,
        0.449682654987555,
        0.44747571132029407,
        0.4450052499305457,
        0.44309227145276964,
        0.4416343975753989,
        0.44067061896203086,
        0.43948719929903746,
        0.43880833285220433
      ],
      "median_step_time_ms": 448.7223415344488,
      "p90_step_time_ms": 467.26018338813446,
      "total_train_time_s": 183.07890928600682,
      "peak_memory_mb": 2662.8984375,
      "warning": ""
    },
    {
      "size": "Small",
      "seed": 1,
      "n_epochs": 15,
      "n_params": 3081,
      "eval_before": 1.1015418394235894,
      "eval_after": 0.3598496093168251,
      "eval_improvement": 0.7416922301067643,
      "epoch_eval_curve": [
        0.6330112837604247,
        0.5267981780343689,
        0.3974998019912164,
        0.3533537692637765,
        0.354062770074961,
        0.35204558369423467,
        0.34954590895540605,
        0.3498398520196133,
        0.3499362217826274,
        0.3517107413845224,
        0.3519345025367784,
        0.35397188948536495,
        0.35559169290434056,
        0.3572157207433406,
        0.3598496093168251
      ],
      "median_step_time_ms": 445.9023495146539,
      "p90_step_time_ms": 450.811555684777,
      "total_train_time_s": 176.97082523599965,
      "peak_memory_mb": 2678.8359375,
      "warning": ""
    },
    {
      "size": "Small",
      "seed": 2,
      "n_epochs": 15,
      "n_params": 3081,
      "eval_before": 0.67925291886786,
      "eval_after": 0.409020490347757,
      "eval_improvement": 0.270232428520103,
      "epoch_eval_curve": [
        0.5442707497859374,
        0.49743383878376335,
        0.45579291752073914,
        0.4295152420963859,
        0.42028916759591084,
        0.41906167806882877,
        0.419622057932429,
        0.4200959336158121,
        0.4189208388197585,
        0.41705550673941616,
        0.41531742610095534,
        0.4128021350479685,
        0.4105272193191922,
        0.4095397459313972,
        0.409020490347757
      ],
      "median_step_time_ms": 457.12678896961734,
      "p90_step_time_ms": 465.8862314885482,
      "total_train_time_s": 179.51865573995747,
      "peak_memory_mb": 2685.7109375,
      "warning": ""
    }
  ],
  "summaries": [
    {
      "size": "Tiny",
      "n_seeds": 3,
      "n_params": 301,
      "eval_after_min": 0.37022281788813416,
      "eval_after_median": 0.421301840164233,
      "eval_after_max": 0.5843375605472829,
      "best_eval_median": 0.421301840164233,
      "eval_improvement_median": 0.3476395477337064,
      "median_step_time_ms": 220.32088649575599,
      "peak_memory_mb_median": 2490.7109375
    },
    {
      "size": "Small",
      "n_seeds": 3,
      "n_params": 3081,
      "eval_after_min": 0.3598496093168251,
      "eval_after_median": 0.409020490347757,
      "eval_after_max": 0.43880833285220433,
      "best_eval_median": 0.409020490347757,
      "eval_improvement_median": 0.4603003844822524,
      "median_step_time_ms": 448.7223415344488,
      "peak_memory_mb_median": 2678.8359375
    }
  ]
}