{
  "env": {
    "python": "3.13.13",
    "platform": "Linux-6.8.0-117-generic-x86_64-with-glibc2.35",
    "jax": "0.9.0",
    "jax_devices": [
      "cuda:0",
      "cuda:1"
    ],
    "flax": "0.12.3",
    "optax": "0.2.6"
  },
  "config": {
    "n_max": 3,
    "dataset_size": 64,
    "batch_size": 4,
    "val_dataset_size": 32,
    "seeds": [
      0,
      1,
      2
    ],
    "sizes": [
      {
        "name": "Tiny",
        "n_seeds": 3,
        "n_epochs": 10
      },
      {
        "name": "Small",
        "n_seeds": 3,
        "n_epochs": 15
      }
    ],
    "message_function": "PerformerMessagePassingFunction",
    "optimizer": "optax.adam(1e-3)",
    "status": "complete",
    "compared_against": "baseline_linearsystem.json (LocalSumMessagePassingFunction)"
  },
  "runs": [
    {
      "size": "Tiny",
      "seed": 0,
      "n_epochs": 10,
      "n_params": 145,
      "eval_before": 1.7320743317250162,
      "eval_after": 1.0047271454241127,
      "eval_improvement": 0.7273471863009036,
      "epoch_eval_curve": [
        1.4923605576041155,
        1.427004896919243,
        1.3654688535025343,
        1.3072126226034015,
        1.2517119063995779,
        1.1983230696059763,
        1.1470466654282063,
        1.0976642015157267,
        1.0502632465795614,
        1.0047271454241127
      ],
      "median_step_time_ms": 180.4361199901905,
      "p90_step_time_ms": 230.23527410114184,
      "total_train_time_s": 77.36393923900323,
      "peak_memory_mb": 2412.50390625,
      "warning": ""
    },
    {
      "size": "Tiny",
      "seed": 1,
      "n_epochs": 10,
      "n_params": 145,
      "eval_before": 1.1555176340043545,
      "eval_after": 0.7236033845692873,
      "eval_improvement": 0.4319142494350672,
      "epoch_eval_curve": [
        1.036483783624135,
        0.9949505345430225,
        0.9558178659062833,
        0.918560988153331,
        0.8828625321621075,
        0.8486003235448152,
        0.8156305808224715,
        0.7838367224321701,
        0.7531589157879353,
        0.7236033845692873
      ],
      "median_step_time_ms": 186.08801302616484,
      "p90_step_time_ms": 203.69380232295953,
      "total_train_time_s": 76.48398208897561,
      "peak_memory_mb": 2438.44140625,
      "warning": ""
    },
    {
      "size": "Tiny",
      "seed": 2,
      "n_epochs": 10,
      "n_params": 145,
      "eval_before": 1.0082632321864367,
      "eval_after": 0.655674368259497,
      "eval_improvement": 0.35258886392693967,
      "epoch_eval_curve": [
        0.912432599812746,
        0.8783102132147178,
        0.8459342694259249,
        0.8150191426393576,
        0.7854302918422036,
        0.7570898606209084,
        0.7299705008044839,
        0.7040530048834626,
        0.6792556993314065,
        0.655674368259497
      ],
      "median_step_time_ms": 177.2224550077226,
      "p90_step_time_ms": 183.02618909510784,
      "total_train_time_s": 76.28849756997079,
      "peak_memory_mb": 2445.62890625,
      "warning": ""
    },
    {
      "size": "Small",
      "seed": 0,
      "n_epochs": 15,
      "n_params": 1537,
      "eval_before": 0.9329884387552738,
      "eval_after": 0.46571036444220226,
      "eval_improvement": 0.46727807431307156,
      "epoch_eval_curve": [
        0.6412215359086986,
        0.5801588643953437,
        0.5361467017792165,
        0.4984618007874815,
        0.4820274804078508,
        0.47756838458008133,
        0.47566001710947603,
        0.4741551352199167,
        0.4724072119570337,
        0.47116589173674583,
        0.47015239283791743,
        0.4690285387332551,
        0.46773982913873624,
        0.4665657334116986,
        0.46571036444220226
      ],
      "median_step_time_ms": 304.39484148519114,
      "p90_step_time_ms": 330.2773776988033,
      "total_train_time_s": 145.4863800620078,
      "peak_memory_mb": 2600.00390625,
      "warning": ""
    },
    {
      "size": "Small",
      "seed": 1,
      "n_epochs": 15,
      "n_params": 1537,
      "eval_before": 0.7716904935659841,
      "eval_after": 0.34575021552154794,
      "eval_improvement": 0.4259402780444361,
      "epoch_eval_curve": [
        0.43391865167944843,
        0.3764306492594187,
        0.35342207105713896,
        0.3482913149273372,
        0.34684166363149416,
        0.34573966870448203,
        0.3452927241414727,
        0.34476004203315824,
        0.3449781885210541,
        0.3453524504802772,
        0.34553631697781384,
        0.3455931480311847,
        0.345617016813776,
        0.3457093902688939,
        0.34575021552154794
      ],
      "median_step_time_ms": 292.2224939975422,
      "p90_step_time_ms": 299.86385332304053,
      "total_train_time_s": 146.78451446903637,
      "peak_memory_mb": 2605.31640625,
      "warning": ""
    },
    {
      "size": "Small",
      "seed": 2,
      "n_epochs": 15,
      "n_params": 1537,
      "eval_before": 0.8851919145090505,
      "eval_after": 0.4333132918109186,
      "eval_improvement": 0.45187862269813195,
      "epoch_eval_curve": [
        0.5636644444848571,
        0.4821911566250492,
        0.43883317059953697,
        0.4264543757526553,
        0.4273987212727661,
        0.42951105048996396,
        0.4312283515173476,
        0.43204236995370593,
        0.4322160508017987,
        0.43268046114826575,
        0.43274657595611643,
        0.43300414537952747,
        0.4332866003678646,
        0.4334244921046775,
        0.4333132918109186
      ],
      "median_step_time_ms": 302.9938699910417,
      "p90_step_time_ms": 308.95441908505745,
      "total_train_time_s": 146.49902793596266,
      "peak_memory_mb": 2608.75390625,
      "warning": ""
    }
  ],
  "summaries": [
    {
      "size": "Tiny",
      "n_seeds": 3,
      "n_params": 145,
      "eval_after_min": 0.655674368259497,
      "eval_after_median": 0.7236033845692873,
      "eval_after_max": 1.0047271454241127,
      "best_eval_median": 0.7236033845692873,
      "eval_improvement_median": 0.4319142494350672,
      "median_step_time_ms": 180.4361199901905,
      "peak_memory_mb_median": 2438.44140625
    },
    {
      "size": "Small",
      "n_seeds": 3,
      "n_params": 1537,
      "eval_after_min": 0.34575021552154794,
      "eval_after_median": 0.4333132918109186,
      "eval_after_max": 0.46571036444220226,
      "best_eval_median": 0.4264543757526553,
      "eval_improvement_median": 0.45187862269813195,
      "median_step_time_ms": 302.9938699910417,
      "peak_memory_mb_median": 2605.31640625
    }
  ]
}