{
  "env": {
    "python": "3.13.13",
    "platform": "Linux-6.8.0-117-generic-x86_64-with-glibc2.35",
    "jax": "0.9.0",
    "jax_devices": [
      "cuda:0",
      "cuda:1"
    ],
    "flax": "0.12.3",
    "optax": "0.2.6"
  },
  "config": {
    "n_max": 3,
    "dataset_size": 64,
    "batch_size": 4,
    "val_dataset_size": 32,
    "seeds": [
      0,
      1,
      2
    ],
    "sizes": [
      {
        "name": "Tiny",
        "n_seeds": 3,
        "n_epochs": 10
      },
      {
        "name": "Small",
        "n_seeds": 3,
        "n_epochs": 15
      }
    ],
    "message_function": "VirtualAddressRecurrentCoupler",
    "optimizer": "optax.adam(1e-3)",
    "status": "complete",
    "compared_against": "baseline_linearsystem.json (LocalSumMessagePassingFunction)"
  },
  "runs": [
    {
      "size": "Tiny",
      "seed": 0,
      "n_epochs": 10,
      "n_params": 237,
      "eval_before": 3.0382143088208977,
      "eval_after": 0.8776509855233599,
      "eval_improvement": 2.160563323297538,
      "epoch_eval_curve": [
        2.270797914592549,
        2.0719643590273336,
        1.8888029330410063,
        1.7168156820116565,
        1.5523308953270316,
        1.394214016967453,
        1.244356430368498,
        1.105909877922386,
        0.98268829745939,
        0.8776509855233599
      ],
      "median_step_time_ms": 192.9771739814896,
      "p90_step_time_ms": 202.40149428136647,
      "total_train_time_s": 78.3823199600447,
      "peak_memory_mb": 2402.0859375,
      "warning": ""
    },
    {
      "size": "Tiny",
      "seed": 1,
      "n_epochs": 10,
      "n_params": 237,
      "eval_before": 0.7658742174389772,
      "eval_after": 0.38230530352302594,
      "eval_improvement": 0.38356891391595127,
      "epoch_eval_curve": [
        0.6366050803335384,
        0.5873681827797554,
        0.5411840580636635,
        0.49953722425561864,
        0.46393432877630403,
        0.435665413915558,
        0.41443709035229404,
        0.39940108501468785,
        0.38923446225817315,
        0.38230530352302594
      ],
      "median_step_time_ms": 194.63736651232466,
      "p90_step_time_ms": 206.42850158619694,
      "total_train_time_s": 76.69058611796936,
      "peak_memory_mb": 2436.7734375,
      "warning": ""
    },
    {
      "size": "Tiny",
      "seed": 2,
      "n_epochs": 10,
      "n_params": 237,
      "eval_before": 0.867607923806645,
      "eval_after": 0.4445844278397999,
      "eval_improvement": 0.4230234959668451,
      "epoch_eval_curve": [
        0.7114375321543775,
        0.6525686455133837,
        0.5992324252729304,
        0.552446186193265,
        0.5139124454581179,
        0.4847706567379646,
        0.46506263919582125,
        0.45328166414401494,
        0.44722848902142687,
        0.4445844278397999
      ],
      "median_step_time_ms": 196.25315349549055,
      "p90_step_time_ms": 205.93155477545224,
      "total_train_time_s": 79.10308336198796,
      "peak_memory_mb": 2443.9609375,
      "warning": ""
    },
    {
      "size": "Small",
      "seed": 0,
      "n_epochs": 15,
      "n_params": 2377,
      "eval_before": 0.834678478189744,
      "eval_after": 0.44652751767716836,
      "eval_improvement": 0.3881509605125757,
      "epoch_eval_curve": [
        0.6662844345555641,
        0.5772295013157418,
        0.49787299767922377,
        0.4609746513306163,
        0.4576709197135642,
        0.4576847896678373,
        0.4566994727938436,
        0.4567592939129099,
        0.4567506459716242,
        0.45580095215700567,
        0.4532305964967236,
        0.45160258127725683,
        0.449475668836385,
        0.44759282702580094,
        0.44652751767716836
      ],
      "median_step_time_ms": 342.67391203320585,
      "p90_step_time_ms": 364.12491090013646,
      "total_train_time_s": 155.0841454839683,
      "peak_memory_mb": 2599.2734375,
      "warning": ""
    },
    {
      "size": "Small",
      "seed": 1,
      "n_epochs": 15,
      "n_params": 2377,
      "eval_before": 0.7146132607595064,
      "eval_after": 0.3583439170761267,
      "eval_improvement": 0.3562693436833797,
      "epoch_eval_curve": [
        0.3686812690430088,
        0.3568726367811905,
        0.3514552775741322,
        0.3494286635250319,
        0.34872056418680586,
        0.348229074064875,
        0.349224611476302,
        0.35048557574009465,
        0.35174794206250226,
        0.3521824584022397,
        0.3521498264854017,
        0.35315973935280454,
        0.3545109779441873,
        0.3569798472854018,
        0.3583439170761267
      ],
      "median_step_time_ms": 349.78803849662654,
      "p90_step_time_ms": 373.92866571899503,
      "total_train_time_s": 169.10733670997433,
      "peak_memory_mb": 2616.4609375,
      "warning": ""
    },
    {
      "size": "Small",
      "seed": 2,
      "n_epochs": 15,
      "n_params": 2377,
      "eval_before": 0.9371127314516343,
      "eval_after": 0.39941679329422186,
      "eval_improvement": 0.5376959381574125,
      "epoch_eval_curve": [
        0.5365331844077446,
        0.47302205376036,
        0.4239365389039449,
        0.4110299017120269,
        0.39787985073417076,
        0.3962903164429008,
        0.39501871616812423,
        0.3945546174873016,
        0.3948241096441052,
        0.3945954979972157,
        0.3948110623678076,
        0.3953358370345086,
        0.39583160617621616,
        0.39721476571503445,
        0.39941679329422186
      ],
      "median_step_time_ms": 356.5069810138084,
      "p90_step_time_ms": 369.2386640817858,
      "total_train_time_s": 155.3324262960232,
      "peak_memory_mb": 2621.7734375,
      "warning": ""
    }
  ],
  "summaries": [
    {
      "size": "Tiny",
      "n_seeds": 3,
      "n_params": 237,
      "eval_after_min": 0.38230530352302594,
      "eval_after_median": 0.4445844278397999,
      "eval_after_max": 0.8776509855233599,
      "best_eval_median": 0.4445844278397999,
      "eval_improvement_median": 0.4230234959668451,
      "median_step_time_ms": 194.63736651232466,
      "peak_memory_mb_median": 2436.7734375
    },
    {
      "size": "Small",
      "n_seeds": 3,
      "n_params": 2377,
      "eval_after_min": 0.3583439170761267,
      "eval_after_median": 0.39941679329422186,
      "eval_after_max": 0.44652751767716836,
      "best_eval_median": 0.3945546174873016,
      "eval_improvement_median": 0.3881509605125757,
      "median_step_time_ms": 349.78803849662654,
      "peak_memory_mb_median": 2616.4609375
    }
  ]
}