{
  "env": {
    "python": "3.13.13",
    "platform": "Linux-6.8.0-111-generic-x86_64-with-glibc2.35",
    "jax": "0.9.0",
    "jax_devices": [
      "cuda:0"
    ],
    "flax": "0.12.3",
    "optax": "0.2.6"
  },
  "config": {
    "n_max": 3,
    "dataset_size": 64,
    "batch_size": 4,
    "val_dataset_size": 32,
    "seeds": [
      0,
      1,
      2
    ],
    "sizes": [
      {
        "name": "Tiny",
        "n_seeds": 3,
        "n_epochs": 10
      },
      {
        "name": "Small",
        "n_seeds": 3,
        "n_epochs": 15
      }
    ],
    "message_function": "MultiHeadQKVMessagePassingFunction",
    "optimizer": "optax.adam(1e-3)",
    "status": "complete",
    "compared_against": "baseline_linearsystem.json (LocalSumMessagePassingFunction)"
  },
  "runs": [
    {
      "size": "Tiny",
      "seed": 0,
      "n_epochs": 10,
      "n_params": 505,
      "eval_before": 1.0057746099773794,
      "eval_after": 0.5527700617385563,
      "eval_improvement": 0.4530045482388232,
      "epoch_eval_curve": [
        0.8668937954935245,
        0.8185362957592588,
        0.7744083336438052,
        0.7338874882552773,
        0.6957219825708307,
        0.6581335989612853,
        0.6231404834907153,
        0.5941263092681766,
        0.5701461281132651,
        0.5527700617385563
      ],
      "median_step_time_ms": 323.4666675562039,
      "p90_step_time_ms": 558.7665836093947,
      "total_train_time_s": 117.69353540684097,
      "peak_memory_mb": 2340.484375,
      "warning": ""
    },
    {
      "size": "Tiny",
      "seed": 1,
      "n_epochs": 10,
      "n_params": 505,
      "eval_before": 0.7732109633507207,
      "eval_after": 0.43448104997514747,
      "eval_improvement": 0.33872991337557323,
      "epoch_eval_curve": [
        0.7181890837382525,
        0.6920915629016235,
        0.6612457525625359,
        0.6189181585505139,
        0.5600459412671626,
        0.517137552058557,
        0.49680711602559313,
        0.47038558265194297,
        0.44932035412057303,
        0.43448104997514747
      ],
      "median_step_time_ms": 342.18223800417036,
      "p90_step_time_ms": 452.2943878080696,
      "total_train_time_s": 124.12971492204815,
      "peak_memory_mb": 2376.734375,
      "warning": ""
    },
    {
      "size": "Tiny",
      "seed": 2,
      "n_epochs": 10,
      "n_params": 505,
      "eval_before": 0.45749556651571766,
      "eval_after": 0.42642741452436894,
      "eval_improvement": 0.031068151991348714,
      "epoch_eval_curve": [
        0.43998715505586006,
        0.43344669524230994,
        0.4284576854261104,
        0.424769226112403,
        0.42209929259843193,
        0.42050888478115667,
        0.42030092829372734,
        0.42173669148178305,
        0.4250367018103134,
        0.42642741452436894
      ],
      "median_step_time_ms": 361.45320313517004,
      "p90_step_time_ms": 474.04227410443127,
      "total_train_time_s": 124.05815136316232,
      "peak_memory_mb": 2384.234375,
      "warning": ""
    },
    {
      "size": "Small",
      "seed": 0,
      "n_epochs": 15,
      "n_params": 3937,
      "eval_before": 0.934207996877376,
      "eval_after": 0.4393758242713375,
      "eval_improvement": 0.4948321726060385,
      "epoch_eval_curve": [
        0.6685423262097174,
        0.6379201536619803,
        0.6002086626249366,
        0.5306369956233539,
        0.47190816260990687,
        0.4616949661576655,
        0.46206087511382066,
        0.4590107144904323,
        0.457060115004424,
        0.45653108588885516,
        0.45432580175838666,
        0.4495857065048767,
        0.4442650927339855,
        0.4397400400703191,
        0.4393758242713375
      ],
      "median_step_time_ms": 758.4320808527991,
      "p90_step_time_ms": 899.649043707177,
      "total_train_time_s": 277.6658938161563,
      "peak_memory_mb": 2533.26171875,
      "warning": ""
    },
    {
      "size": "Small",
      "seed": 1,
      "n_epochs": 15,
      "n_params": 3937,
      "eval_before": 0.6414901526732137,
      "eval_after": 0.3777151364083693,
      "eval_improvement": 0.26377501626484445,
      "epoch_eval_curve": [
        0.3980333869239985,
        0.3565329289449437,
        0.3458033438801067,
        0.3415732350113103,
        0.3422953754561604,
        0.3436211498810735,
        0.34702705716154014,
        0.3499684414018702,
        0.35252540616784245,
        0.35598888081949553,
        0.35991527282567404,
        0.3641615525193629,
        0.36966903069333057,
        0.3731065406645939,
        0.3777151364083693
      ],
      "median_step_time_ms": 710.4396055219695,
      "p90_step_time_ms": 849.1895050508901,
      "total_train_time_s": 283.50915902713314,
      "peak_memory_mb": 2553.57421875,
      "warning": ""
    },
    {
      "size": "Small",
      "seed": 2,
      "n_epochs": 15,
      "n_params": 3937,
      "eval_before": 0.8769487055251375,
      "eval_after": 0.38217581252683885,
      "eval_improvement": 0.49477289299829863,
      "epoch_eval_curve": [
        0.6174722725409083,
        0.5315739048382966,
        0.4657559745683102,
        0.4239417729605748,
        0.41905048879561946,
        0.41583365088445134,
        0.4110074645723216,
        0.3973109756188933,
        0.3908408099123335,
        0.3821876027905091,
        0.3792286267707823,
        0.37758992867020424,
        0.37743804216734134,
        0.3793518093880266,
        0.38217581252683885
      ],
      "median_step_time_ms": 736.405226867646,
      "p90_step_time_ms": 899.9466461595148,
      "total_train_time_s": 278.8846712480299,
      "peak_memory_mb": 2562.01171875,
      "warning": ""
    }
  ],
  "summaries": [
    {
      "size": "Tiny",
      "n_seeds": 3,
      "n_params": 505,
      "eval_after_min": 0.42642741452436894,
      "eval_after_median": 0.43448104997514747,
      "eval_after_max": 0.5527700617385563,
      "best_eval_median": 0.43448104997514747,
      "eval_improvement_median": 0.33872991337557323,
      "median_step_time_ms": 342.18223800417036,
      "peak_memory_mb_median": 2376.734375
    },
    {
      "size": "Small",
      "n_seeds": 3,
      "n_params": 3937,
      "eval_after_min": 0.3777151364083693,
      "eval_after_median": 0.38217581252683885,
      "eval_after_max": 0.4393758242713375,
      "best_eval_median": 0.37743804216734134,
      "eval_improvement_median": 0.49477289299829863,
      "median_step_time_ms": 736.405226867646,
      "peak_memory_mb_median": 2553.57421875
    }
  ]
}