{
  "env": {
    "python": "3.13.13",
    "platform": "Linux-6.8.0-111-generic-x86_64-with-glibc2.35",
    "jax": "0.9.0",
    "jax_devices": [
      "cuda:0"
    ],
    "flax": "0.12.3",
    "optax": "0.2.6"
  },
  "config": {
    "n_max": 3,
    "dataset_size": 64,
    "batch_size": 4,
    "val_dataset_size": 32,
    "seeds": [
      0,
      1,
      2
    ],
    "sizes": [
      {
        "name": "Tiny",
        "n_seeds": 3,
        "n_epochs": 10
      },
      {
        "name": "Small",
        "n_seeds": 3,
        "n_epochs": 15
      }
    ],
    "message_function": "GlobalAggregationMessagePassingFunction",
    "optimizer": "optax.adam(1e-3)",
    "status": "complete",
    "compared_against": "baseline_linearsystem.json (LocalSumMessagePassingFunction)"
  },
  "runs": [
    {
      "size": "Tiny",
      "seed": 0,
      "n_epochs": 10,
      "n_params": 65,
      "eval_before": 1.8787503447383642,
      "eval_after": 1.1176631880225614,
      "eval_improvement": 0.7610871567158028,
      "epoch_eval_curve": [
        1.6075560415629297,
        1.5377842166926712,
        1.4733157294103876,
        1.413489151163958,
        1.3575823049759492,
        1.3046516418689862,
        1.2545231763506308,
        1.206720863818191,
        1.1612097350880504,
        1.1176631880225614
      ],
      "median_step_time_ms": 202.38538703415543,
      "p90_step_time_ms": 265.3068620711565,
      "total_train_time_s": 92.84993513999507,
      "peak_memory_mb": 1652.03125,
      "warning": ""
    },
    {
      "size": "Tiny",
      "seed": 1,
      "n_epochs": 10,
      "n_params": 65,
      "eval_before": 0.9676171275787055,
      "eval_after": 0.5799954976537265,
      "eval_improvement": 0.38762162992497906,
      "epoch_eval_curve": [
        0.8716247300617397,
        0.8350238514249213,
        0.8000062656938098,
        0.7659513165708631,
        0.7326218458474614,
        0.7000102824531496,
        0.6682578538893722,
        0.6375271910219453,
        0.6080520349787548,
        0.5799954976537265
      ],
      "median_step_time_ms": 190.21498051006347,
      "p90_step_time_ms": 254.14509924594313,
      "total_train_time_s": 92.5037226700224,
      "peak_memory_mb": 1679.84375,
      "warning": ""
    },
    {
      "size": "Tiny",
      "seed": 2,
      "n_epochs": 10,
      "n_params": 65,
      "eval_before": 0.9670449461555108,
      "eval_after": 0.6315713192452677,
      "eval_improvement": 0.3354736269102432,
      "epoch_eval_curve": [
        0.869371683220379,
        0.8353070177836344,
        0.8039099483285099,
        0.7747082200367004,
        0.7473958634654991,
        0.7216929625137709,
        0.6974351393291727,
        0.6744412271073088,
        0.6524844981322531,
        0.6315713192452677
      ],
      "median_step_time_ms": 184.4911394873634,
      "p90_step_time_ms": 241.38378142379224,
      "total_train_time_s": 95.49738350487314,
      "peak_memory_mb": 1689.21875,
      "warning": ""
    },
    {
      "size": "Small",
      "seed": 0,
      "n_epochs": 15,
      "n_params": 977,
      "eval_before": 0.843706302868668,
      "eval_after": 0.4477562985266559,
      "eval_improvement": 0.3959500043420121,
      "epoch_eval_curve": [
        0.5371105024823919,
        0.4721564214269165,
        0.4508709639776498,
        0.4465206027380191,
        0.44734535983297974,
        0.4480054995510727,
        0.4471199027320836,
        0.44672703760443255,
        0.44662548109772615,
        0.44662843288097065,
        0.446898823720403,
        0.4471398395689903,
        0.4472758221090771,
        0.44748251991404686,
        0.4477562985266559
      ],
      "median_step_time_ms": 274.3698094272986,
      "p90_step_time_ms": 352.930363221094,
      "total_train_time_s": 161.8000431591645,
      "peak_memory_mb": 1870.78125,
      "warning": ""
    },
    {
      "size": "Small",
      "seed": 1,
      "n_epochs": 15,
      "n_params": 977,
      "eval_before": 0.7853391548560467,
      "eval_after": 0.34680550705661517,
      "eval_improvement": 0.4385336477994315,
      "epoch_eval_curve": [
        0.43309800270799315,
        0.37374258414274664,
        0.35271975553041557,
        0.34624033671207144,
        0.3442687101360207,
        0.34507442858739523,
        0.3452870873898064,
        0.345647974530948,
        0.3456288616080201,
        0.34579669343202113,
        0.34609307021855784,
        0.34627570909378846,
        0.3464030808145253,
        0.34665551892067015,
        0.34680550705661517
      ],
      "median_step_time_ms": 294.5559376385063,
      "p90_step_time_ms": 333.12004453036934,
      "total_train_time_s": 163.4305727959145,
      "peak_memory_mb": 1878.59375,
      "warning": ""
    },
    {
      "size": "Small",
      "seed": 2,
      "n_epochs": 15,
      "n_params": 977,
      "eval_before": 0.9261741512455046,
      "eval_after": 0.44623384822625667,
      "eval_improvement": 0.47994030301924795,
      "epoch_eval_curve": [
        0.7092126793286297,
        0.6246208011725685,
        0.5113339704985265,
        0.45087118438095786,
        0.43706302093778504,
        0.43839758745161816,
        0.4414057891990524,
        0.44153967523016036,
        0.4421170892310329,
        0.4433027300401591,
        0.44413086643908173,
        0.44483416085131466,
        0.44530210265656933,
        0.4455378156271763,
        0.44623384822625667
      ],
      "median_step_time_ms": 268.5208194889128,
      "p90_step_time_ms": 344.31821405887604,
      "total_train_time_s": 165.85282753198408,
      "peak_memory_mb": 1881.40625,
      "warning": ""
    }
  ],
  "summaries": [
    {
      "size": "Tiny",
      "n_seeds": 3,
      "n_params": 65,
      "eval_after_min": 0.5799954976537265,
      "eval_after_median": 0.6315713192452677,
      "eval_after_max": 1.1176631880225614,
      "best_eval_median": 0.6315713192452677,
      "eval_improvement_median": 0.38762162992497906,
      "median_step_time_ms": 190.21498051006347,
      "peak_memory_mb_median": 1679.84375
    },
    {
      "size": "Small",
      "n_seeds": 3,
      "n_params": 977,
      "eval_after_min": 0.34680550705661517,
      "eval_after_median": 0.44623384822625667,
      "eval_after_max": 0.4477562985266559,
      "best_eval_median": 0.43706302093778504,
      "eval_improvement_median": 0.4385336477994315,
      "median_step_time_ms": 274.3698094272986,
      "peak_memory_mb_median": 1878.59375
    }
  ]
}