{
  "env": {
    "python": "3.13.13",
    "platform": "Linux-6.8.0-111-generic-x86_64-with-glibc2.35",
    "jax": "0.9.0",
    "jax_devices": [
      "cuda:0",
      "cuda:1"
    ],
    "flax": "0.12.3",
    "optax": "0.2.6"
  },
  "config": {
    "n_max": 3,
    "dataset_size": 64,
    "batch_size": 4,
    "val_dataset_size": 32,
    "seeds": [
      0,
      1,
      2
    ],
    "sizes": [
      {
        "name": "Tiny",
        "n_seeds": 3,
        "n_epochs": 10
      },
      {
        "name": "Small",
        "n_seeds": 3,
        "n_epochs": 15
      }
    ],
    "message_function": "GATv2MessagePassingFunction",
    "optimizer": "optax.adam(1e-3)",
    "status": "complete",
    "compared_against": "baseline_linearsystem.json (LocalSumMessagePassingFunction)"
  },
  "runs": [
    {
      "size": "Tiny",
      "seed": 0,
      "n_epochs": 10,
      "n_params": 232,
      "eval_before": 0.5412690327648306,
      "eval_after": 0.42378060723422095,
      "eval_improvement": 0.11748842553060967,
      "epoch_eval_curve": [
        0.4653408495069016,
        0.449648045541835,
        0.4397997926862445,
        0.4336572499596514,
        0.4296457163291052,
        0.4272503165702801,
        0.42568207110161893,
        0.424761399946874,
        0.4241622623812873,
        0.42378060723422095
      ],
      "median_step_time_ms": 278.7580699659884,
      "p90_step_time_ms": 484.0562256751582,
      "total_train_time_s": 90.5256313229911,
      "peak_memory_mb": 1929.4921875,
      "warning": ""
    },
    {
      "size": "Tiny",
      "seed": 1,
      "n_epochs": 10,
      "n_params": 232,
      "eval_before": 0.7089901628787629,
      "eval_after": 0.3553675905131968,
      "eval_improvement": 0.35362257236556616,
      "epoch_eval_curve": [
        0.6218394932802767,
        0.5858009814401157,
        0.5508679058402777,
        0.5167010583536467,
        0.4832122930965852,
        0.4506244272051845,
        0.4200432663492393,
        0.39289604959776625,
        0.37102987704929546,
        0.3553675905131968
      ],
      "median_step_time_ms": 279.0028639137745,
      "p90_step_time_ms": 285.01787369605154,
      "total_train_time_s": 91.26056976104155,
      "peak_memory_mb": 1979.4921875,
      "warning": ""
    },
    {
      "size": "Tiny",
      "seed": 2,
      "n_epochs": 10,
      "n_params": 232,
      "eval_before": 1.2321376806357875,
      "eval_after": 0.46420759163447656,
      "eval_improvement": 0.767930089001311,
      "epoch_eval_curve": [
        1.0015557729639113,
        0.9160975696286187,
        0.8336039379937574,
        0.7551632840768434,
        0.6828006692157942,
        0.6185313229434541,
        0.5640026053006295,
        0.520097264816286,
        0.48700404341798276,
        0.46420759163447656
      ],
      "median_step_time_ms": 276.31337696220726,
      "p90_step_time_ms": 293.1131928693503,
      "total_train_time_s": 92.17645249795169,
      "peak_memory_mb": 1985.7421875,
      "warning": ""
    },
    {
      "size": "Small",
      "seed": 0,
      "n_epochs": 15,
      "n_params": 3684,
      "eval_before": 0.9078692595649045,
      "eval_after": 0.4516653321334161,
      "eval_improvement": 0.4562039274314884,
      "epoch_eval_curve": [
        0.6235972358845174,
        0.5351414006145205,
        0.48768265993567184,
        0.4713881444185972,
        0.46573731483658776,
        0.4633047994284425,
        0.4620500573073514,
        0.4602059934986755,
        0.4587727953621652,
        0.4576908967574127,
        0.45672984459088184,
        0.45528407458914444,
        0.45419535183464177,
        0.45301878673490137,
        0.4516653321334161
      ],
      "median_step_time_ms": 567.7531184628606,
      "p90_step_time_ms": 629.864724050276,
      "total_train_time_s": 209.15914067905396,
      "peak_memory_mb": 2145.28125,
      "warning": ""
    },
    {
      "size": "Small",
      "seed": 1,
      "n_epochs": 15,
      "n_params": 3684,
      "eval_before": 1.0480002767872065,
      "eval_after": 0.40795629620515683,
      "eval_improvement": 0.6400439805820497,
      "epoch_eval_curve": [
        0.6332950745127164,
        0.5253660896851216,
        0.4336621051916154,
        0.3824108798630732,
        0.36186501757947553,
        0.3562355008625673,
        0.3545432937730766,
        0.3536708306737637,
        0.35524889609223465,
        0.35837503716902575,
        0.365465893797591,
        0.3759277259596274,
        0.39123347923577967,
        0.40017107932089857,
        0.40795629620515683
      ],
      "median_step_time_ms": 566.6921988595277,
      "p90_step_time_ms": 577.3329664953053,
      "total_train_time_s": 209.6106775428634,
      "peak_memory_mb": 2191.84375,
      "warning": ""
    },
    {
      "size": "Small",
      "seed": 2,
      "n_epochs": 15,
      "n_params": 3684,
      "eval_before": 0.698745901347138,
      "eval_after": 0.3971965701202862,
      "eval_improvement": 0.3015493312268518,
      "epoch_eval_curve": [
        0.5488356256391853,
        0.49727627431275323,
        0.45154361831373535,
        0.42914399608707754,
        0.4245663911824522,
        0.42289444005291443,
        0.424390018946724,
        0.4187380791954638,
        0.4091598824415996,
        0.39791198402963346,
        0.3958931240340462,
        0.39062049209314864,
        0.3912733144243248,
        0.394791883911239,
        0.3971965701202862
      ],
      "median_step_time_ms": 565.441528451629,
      "p90_step_time_ms": 593.1737356586382,
      "total_train_time_s": 208.98725367803127,
      "peak_memory_mb": 2202.78125,
      "warning": ""
    }
  ],
  "summaries": [
    {
      "size": "Tiny",
      "n_seeds": 3,
      "n_params": 232,
      "eval_after_min": 0.3553675905131968,
      "eval_after_median": 0.42378060723422095,
      "eval_after_max": 0.46420759163447656,
      "best_eval_median": 0.42378060723422095,
      "eval_improvement_median": 0.35362257236556616,
      "median_step_time_ms": 278.7580699659884,
      "peak_memory_mb_median": 1979.4921875
    },
    {
      "size": "Small",
      "n_seeds": 3,
      "n_params": 3684,
      "eval_after_min": 0.3971965701202862,
      "eval_after_median": 0.40795629620515683,
      "eval_after_max": 0.4516653321334161,
      "best_eval_median": 0.39062049209314864,
      "eval_improvement_median": 0.4562039274314884,
      "median_step_time_ms": 566.6921988595277,
      "peak_memory_mb_median": 2191.84375
    }
  ]
}